UserId;RoleId
e216b074-c42e-4f13-8404-cc46500dd6f1;022f7183-f54e-44d7-9860-ff4077cb372c
e216b074-c42e-4f13-8404-cc46500dd6f1;042e4dc1-f141-428b-96cf-609933f5302d
e216b074-c42e-4f13-8404-cc46500dd6f1;0cec7f24-1285-4735-8069-9fb8903a4e24
e216b074-c42e-4f13-8404-cc46500dd6f1;0d3d4a7c-8c23-4b97-be63-93954710910b
e216b074-c42e-4f13-8404-cc46500dd6f1;432a8dcd-9edc-4d30-bca4-e6bb0dcc84eb
e216b074-c42e-4f13-8404-cc46500dd6f1;4e8869cb-420b-4139-9e1f-12fffecd0e2a
e216b074-c42e-4f13-8404-cc46500dd6f1;551a498a-ab1a-4d06-a45c-3127db01c106
e216b074-c42e-4f13-8404-cc46500dd6f1;56483fe5-ceef-4d51-9b47-5dd303b1cfb2
e216b074-c42e-4f13-8404-cc46500dd6f1;580f029a-5e44-4ab9-bfe4-6f28d53e4bb8
06a13c8b-6326-49f0-9ac1-c09a748321ee;62d52d06-3264-4799-8b89-295e90205106
41924b24-3b3b-4f87-bec3-695e35b78166;62d52d06-3264-4799-8b89-295e90205106
47dc7bbd-ea98-478c-90a2-d23ac3122670;62d52d06-3264-4799-8b89-295e90205106
4942fa97-c5d6-4a78-8bee-72c13cb5d130;62d52d06-3264-4799-8b89-295e90205106
4fafd540-e41a-480f-b6fc-e1f17dd31eb4;62d52d06-3264-4799-8b89-295e90205106
5a331191-5bb9-490c-a255-1a0606d0b164;62d52d06-3264-4799-8b89-295e90205106
5f6fdb95-6fe7-486c-bad8-a7e93451dc64;62d52d06-3264-4799-8b89-295e90205106
5fb5a003-65d3-45b4-a51a-0b1bedb4bcb9;62d52d06-3264-4799-8b89-295e90205106
7f59276a-040a-4870-b3e6-5b7d3debc330;62d52d06-3264-4799-8b89-295e90205106
84232432-61d9-42d3-901f-73050ebf1b72;62d52d06-3264-4799-8b89-295e90205106
8b4ed790-aac7-4f11-a429-d27ba26e2feb;62d52d06-3264-4799-8b89-295e90205106
91b17e3d-3839-4fef-828b-8cbb67683f80;62d52d06-3264-4799-8b89-295e90205106
9b5330e4-fded-4f9f-a01a-46c2d604bd05;62d52d06-3264-4799-8b89-295e90205106
a4cb239d-050e-4cab-a744-b3d8dcb1b717;62d52d06-3264-4799-8b89-295e90205106
a52dde9a-d999-478c-808a-026fcc94b433;62d52d06-3264-4799-8b89-295e90205106
b5fa1e41-4a58-4395-958f-82390eedf37b;62d52d06-3264-4799-8b89-295e90205106
c75592d1-6748-47b0-a1fc-9b4622819566;62d52d06-3264-4799-8b89-295e90205106
ce2fb3ea-759a-4413-9d7f-70a58f7aaf8d;62d52d06-3264-4799-8b89-295e90205106
e216b074-c42e-4f13-8404-cc46500dd6f1;62d52d06-3264-4799-8b89-295e90205106
e63d10f5-9be0-4d2a-bcab-826372d1179d;62d52d06-3264-4799-8b89-295e90205106
eb18f18b-2706-41b7-8b15-282a289b6357;62d52d06-3264-4799-8b89-295e90205106
e216b074-c42e-4f13-8404-cc46500dd6f1;6f3779e0-83fe-47c7-97ae-a7c7b118e3f1
e216b074-c42e-4f13-8404-cc46500dd6f1;720c28fa-3c4b-4cca-85fd-685986321d89
e216b074-c42e-4f13-8404-cc46500dd6f1;772e98e7-3222-4895-a7a3-87f662589b33
e216b074-c42e-4f13-8404-cc46500dd6f1;7e23e22c-2dcf-466c-a2ef-d9d4ed3e6c1a
e216b074-c42e-4f13-8404-cc46500dd6f1;83534f82-d772-48c5-bd0b-de37e88d34d3
e216b074-c42e-4f13-8404-cc46500dd6f1;9689f654-3d4d-474d-8d83-017fd91ee998
e216b074-c42e-4f13-8404-cc46500dd6f1;9920da70-d4c0-4c61-b22a-5ae9dc608c8f
e216b074-c42e-4f13-8404-cc46500dd6f1;9b60b86b-60f2-4b19-b640-617d796677c3
e216b074-c42e-4f13-8404-cc46500dd6f1;a3332bd2-a4ff-4c10-8a67-fc6527ca792b
e216b074-c42e-4f13-8404-cc46500dd6f1;aba6f47e-3b26-494d-b9f5-6e8da85a1fc0
e216b074-c42e-4f13-8404-cc46500dd6f1;bca992e2-f874-4e87-833b-086f364a0803
e216b074-c42e-4f13-8404-cc46500dd6f1;c1f51067-831c-49f4-96ab-a65983db4f92
e216b074-c42e-4f13-8404-cc46500dd6f1;c20a4f43-a5b8-4c46-844a-f85a4611308b
e216b074-c42e-4f13-8404-cc46500dd6f1;cbe0e0d5-0b3a-426f-8e73-90fc69f9a39c
e216b074-c42e-4f13-8404-cc46500dd6f1;d5895b1a-9f5a-4caa-b053-a5856fac8678
e216b074-c42e-4f13-8404-cc46500dd6f1;dd33abb5-4304-4915-92b8-18242ea2e322
e216b074-c42e-4f13-8404-cc46500dd6f1;e99fe8a6-d622-41af-b380-4c665be9695b
e216b074-c42e-4f13-8404-cc46500dd6f1;ec34a050-1739-49c5-8fa6-ade1460f0f10
e216b074-c42e-4f13-8404-cc46500dd6f1;ec49298b-e3ac-4b3c-a380-5aaeb91bfd52
e216b074-c42e-4f13-8404-cc46500dd6f1;ed53fd3e-9f47-4d9c-803e-22f0c45c99ed
e216b074-c42e-4f13-8404-cc46500dd6f1;ee091765-1cd0-48fc-a507-9a271209ddc6
e216b074-c42e-4f13-8404-cc46500dd6f1;f9ab6a5b-c711-49ed-9469-826c74bb44ba
e216b074-c42e-4f13-8404-cc46500dd6f1;ff9172d1-a753-42b2-b812-024cd5227f97
