Id;PurchaseOrderId;ProductId;Summary;UnitPrice;Quantity;Total;IsDeleted;CreatedAtUtc;CreatedById;UpdatedAtUtc;UpdatedById
009199ec-c4b7-4112-b083-b2aa03fbf9f7;3f5d2e7a-af21-441d-893e-b2aa03fbf9ed;a7b14916-f2e2-491c-ab31-b2aa03fbf1d1;001620250324ART;500;33;16500;False;2025-03-24 18:34:05;;;
009a2524-fd24-4b0f-ab4c-b2aa03fbf908;12dc3eb7-9ea6-40de-8c7d-b2aa03fbf903;a7b14916-f2e2-491c-ab31-b2aa03fbf1d1;001620250324ART;500;31;15500;False;2025-03-24 18:34:04;;;
00a0ba15-5b24-4dea-a7ed-b2aa03fbfa79;6f71973a-bc4f-4821-9e5b-b2aa03fbfa6b;e3318ed3-5790-47c7-9feb-b2aa03fbf1d1;000220250324ART;2000;45;90000;False;2025-03-24 18:34:05;;;
00b2ac2c-14ba-4b2c-8531-b2aa03fbfc3b;8a8625cd-3dc7-4923-9780-b2aa03fbfc2f;724de719-55a0-478f-be4e-b2aa03fbf1d1;000520250324ART;1000;25;25000;False;2025-03-24 18:34:05;;;
01483029-9aac-4f1a-8ae4-b2aa03fbf83e;463a8b1d-ece3-4b5c-8314-b2aa03fbf839;4c72ac60-5170-4a64-8660-b2aa03fbf1d1;000720250324ART;1000;39;39000;False;2025-03-24 18:34:04;;;
01d3bb5a-4ad5-422b-89e1-b2aa03fbfc5f;ef13e6bf-98e9-4806-8209-b2aa03fbfc53;72feee8f-e434-4315-b922-b2aa03fbf1d1;000820250324ART;500;32;16000;False;2025-03-24 18:34:05;;;
05164667-6af7-4cff-ba0f-b2aa03fbf8a2;27a30738-ab8f-482f-a8fb-b2aa03fbf89d;79c6e351-ec71-4009-8089-b2aa03fbf1d1;001720250324ART;800;48;38400;False;2025-03-24 18:34:04;;;
058254d3-74b5-4e01-82bb-b2aa03fbf6dd;696a8ddc-98f9-47dd-8e98-b2aa03fbf6d9;00f95ae2-1d4f-43cc-8a57-b2aa03fbf1d1;000120250324ART;5000;33;165000;False;2025-03-24 18:34:04;;;
059c8e13-d44a-4a6e-9f88-b2aa03fbf970;e498dec3-b504-41d3-9fab-b2aa03fbf96b;9fb70a52-e577-4f84-a6f5-b2aa03fbf1d1;001820250324ART;500;40;20000;False;2025-03-24 18:34:05;;;
061e4394-fff9-4899-a600-b2aa03fbfa79;6f71973a-bc4f-4821-9e5b-b2aa03fbfa6b;724de719-55a0-478f-be4e-b2aa03fbf1d1;000520250324ART;1000;31;31000;False;2025-03-24 18:34:05;;;
06d97167-12df-4dd5-bfee-b2aa03fbfa36;e6a1618e-da35-49df-b6af-b2aa03fbfa2b;724de719-55a0-478f-be4e-b2aa03fbf1d1;000520250324ART;1000;38;38000;False;2025-03-24 18:34:05;;;
080290e4-82a0-4a60-851f-b2aa03fbf8d5;1c74f9fb-7cd2-4165-a23c-b2aa03fbf8d0;00f95ae2-1d4f-43cc-8a57-b2aa03fbf1d1;000120250324ART;5000;29;145000;False;2025-03-24 18:34:04;;;
083e087a-c4ad-4468-95ad-b2aa03fbf77e;51f0e5f9-3268-413a-8d4b-b2aa03fbf77a;e3318ed3-5790-47c7-9feb-b2aa03fbf1d1;000220250324ART;2000;29;58000;False;2025-03-24 18:34:04;;;
087fa097-e5c1-4aa2-a9f8-b2aa03fbf804;1daa29e5-b198-4755-a624-b2aa03fbf7fe;a7b14916-f2e2-491c-ab31-b2aa03fbf1d1;001620250324ART;500;25;12500;False;2025-03-24 18:34:04;;;
097e0be2-0c4a-4041-bdd9-b2aa03fbfb47;3be30b45-5219-4d5c-a8ea-b2aa03fbfb3b;79c6e351-ec71-4009-8089-b2aa03fbf1d1;001720250324ART;800;36;28800;False;2025-03-24 18:34:05;;;
0992e6f5-3ebd-47de-92f2-b2aa03fbfdba;ddecf970-1075-4b4c-8afb-b2aa03fbfdaf;79c6e351-ec71-4009-8089-b2aa03fbf1d1;001720250324ART;800;46;36800;False;2025-03-24 18:34:06;;;
0a4cf575-a3ec-460e-9cbc-b2aa03fbfadb;bd32f2fc-3522-44d4-9935-b2aa03fbfad1;a7b14916-f2e2-491c-ab31-b2aa03fbf1d1;001620250324ART;500;29;14500;False;2025-03-24 18:34:05;;;
0b429b9f-e31f-4ce5-9255-b2aa03fbf65a;cd522cff-6ac7-4c11-9b90-b2aa03fbf63f;49a2b2ce-8c06-4bbd-a55c-b2aa03fbf1d1;001120250324ART;1500;45;67500;False;2025-03-24 18:34:04;;;
0ca35be3-d56f-466c-a758-b2aa03fbf7f2;2f60dcd1-1129-4a58-9288-b2aa03fbf7ec;1b6e5c0e-1a64-45bf-9974-b2aa03fbf1d1;001320250324ART;500;25;12500;False;2025-03-24 18:34:04;;;
0ce31ca7-81db-444c-b2fe-b2aa03fbfd76;4c142d22-ae09-424e-a9e7-b2aa03fbfd6b;283a013f-9823-4089-8e8d-b2aa03fbf1d1;000320250324ART;3000;40;120000;False;2025-03-24 18:34:06;;;
0d95a7f6-58be-44ee-a968-b2aa03fbf8b3;69ae1a1b-2b34-445f-aa0c-b2aa03fbf8ae;0853bd32-cf25-4e65-bd32-b2aa03fbf1d1;001520250324ART;1500;31;46500;False;2025-03-24 18:34:04;;;
0e3610dd-98a7-48d9-ab53-b2aa03fbf75c;0754698f-7449-4808-9d9c-b2aa03fbf757;e3318ed3-5790-47c7-9feb-b2aa03fbf1d1;000220250324ART;2000;21;42000;False;2025-03-24 18:34:04;;;
0e73f944-5593-4ff7-a284-b2aa03fbf982;7f2298bc-5a02-48a3-b28c-b2aa03fbf97d;0853bd32-cf25-4e65-bd32-b2aa03fbf1d1;001520250324ART;1500;38;57000;False;2025-03-24 18:34:05;;;
0fa01e1c-b446-46ac-8c2a-b2aa03fbfa99;36d2aa92-8102-4b7b-8ce7-b2aa03fbfa8f;9fb70a52-e577-4f84-a6f5-b2aa03fbf1d1;001820250324ART;500;27;13500;False;2025-03-24 18:34:05;;;
12a18c67-d8cb-4036-a219-b2aa03fbf6f6;b3923828-f6c7-4d53-9a39-b2aa03fbf6f2;a7b14916-f2e2-491c-ab31-b2aa03fbf1d1;001620250324ART;500;26;13000;False;2025-03-24 18:34:04;;;
147e6250-2428-446c-9cdd-b2aa03fbf8e6;d1dbb983-5813-429c-9e2a-b2aa03fbf8e1;0853bd32-cf25-4e65-bd32-b2aa03fbf1d1;001520250324ART;1500;32;48000;False;2025-03-24 18:34:04;;;
148fc9c1-43e7-4ed6-aef6-b2aa03fbfd52;ab75b819-1b85-48ac-9712-b2aa03fbfd48;e3f8822d-00eb-49c5-8f42-b2aa03fbf1d1;000420250324ART;100;37;3700;False;2025-03-24 18:34:06;;;
186b4654-65db-4c77-99a9-b2aa03fbf872;1c12298d-5917-479f-9fae-b2aa03fbf86d;e74b797e-03e1-4b6b-87e2-b2aa03fbf1d1;001420250324ART;1000;29;29000;False;2025-03-24 18:34:04;;;
191ac79a-f86f-4d01-aad3-b2aa03fbf7bc;f83f0b53-05f5-43bb-b6cc-b2aa03fbf7b7;9fb70a52-e577-4f84-a6f5-b2aa03fbf1d1;001820250324ART;500;20;10000;False;2025-03-24 18:34:04;;;
1a68221e-417a-4e03-bf7a-b2aa03fbf75c;0754698f-7449-4808-9d9c-b2aa03fbf757;00936c8f-099f-43b2-9b74-b2aa03fbf1d1;000920250324ART;800;30;24000;False;2025-03-24 18:34:04;;;
1b91b85b-d12c-465f-9590-b2aa03fbf918;8e4fc390-3d48-4957-8133-b2aa03fbf913;00f95ae2-1d4f-43cc-8a57-b2aa03fbf1d1;000120250324ART;5000;25;125000;False;2025-03-24 18:34:04;;;
1e076acb-4c87-491d-b4cb-b2aa03fbfb6c;dc40c175-3b7d-4f6b-ad39-b2aa03fbfb60;724de719-55a0-478f-be4e-b2aa03fbf1d1;000520250324ART;1000;31;31000;False;2025-03-24 18:34:05;;;
1f24fb23-ddaf-4fdf-8de4-b2aa03fbfca8;ba662a6c-603c-4597-8034-b2aa03fbfc9c;e3318ed3-5790-47c7-9feb-b2aa03fbf1d1;000220250324ART;2000;25;50000;False;2025-03-24 18:34:05;;;
1f33e392-f0e5-4c3e-ae9a-b2aa03fbfa36;e6a1618e-da35-49df-b6af-b2aa03fbfa2b;724de719-55a0-478f-be4e-b2aa03fbf1d1;000520250324ART;1000;43;43000;False;2025-03-24 18:34:05;;;
1f666c5f-a0ab-433d-bc04-b2aa03fbf872;1c12298d-5917-479f-9fae-b2aa03fbf86d;e3318ed3-5790-47c7-9feb-b2aa03fbf1d1;000220250324ART;2000;46;92000;False;2025-03-24 18:34:04;;;
1f77e9b0-43f7-40e2-a6c5-b2aa03fbfd0f;f6b8f4cf-fe44-41bc-bf99-b2aa03fbfd04;0853bd32-cf25-4e65-bd32-b2aa03fbf1d1;001520250324ART;1500;31;46500;False;2025-03-24 18:34:05;;;
1f9d1c97-7e3b-4cfe-96fe-b2aa03fbf8f8;12d7a491-f688-4a1c-bdff-b2aa03fbf8f3;724de719-55a0-478f-be4e-b2aa03fbf1d1;000520250324ART;1000;21;21000;False;2025-03-24 18:34:04;;;
1fb69297-5101-44ef-9b49-b2aa03fbf6b0;e9d7b39f-d052-4242-9468-b2aa03fbf6ab;e3318ed3-5790-47c7-9feb-b2aa03fbf1d1;000220250324ART;2000;21;42000;False;2025-03-24 18:34:04;;;
20142c61-1177-4247-b935-b2aa03fbf74b;d24c293e-7de1-4060-ae14-b2aa03fbf745;e74b797e-03e1-4b6b-87e2-b2aa03fbf1d1;001420250324ART;1000;23;23000;False;2025-03-24 18:34:04;;;
2057b351-16bb-403d-b9c7-b2aa03fbf739;f92ea57c-251e-46c8-bb8b-b2aa03fbf733;79c6e351-ec71-4009-8089-b2aa03fbf1d1;001720250324ART;800;42;33600;False;2025-03-24 18:34:04;;;
20be9bd0-acec-4cbf-adeb-b2aa03fbf74b;d24c293e-7de1-4060-ae14-b2aa03fbf745;0151a46f-2eb2-403b-b157-b2aa03fbf1d1;000620250324ART;2000;44;88000;False;2025-03-24 18:34:04;;;
2142356d-206b-4681-828b-b2aa03fbfbc8;2907a40a-674a-4f56-9165-b2aa03fbfbb6;724de719-55a0-478f-be4e-b2aa03fbf1d1;000520250324ART;1000;43;43000;False;2025-03-24 18:34:05;;;
2289b1c6-5ec7-430e-886d-b2aa03fbf78e;e61e25f6-3b48-410f-b20b-b2aa03fbf789;e3318ed3-5790-47c7-9feb-b2aa03fbf1d1;000220250324ART;2000;42;84000;False;2025-03-24 18:34:04;;;
22b36f22-836e-4fc2-8507-b2aa03fbfb22;72ee2f4d-bc78-4c25-860c-b2aa03fbfb16;49a2b2ce-8c06-4bbd-a55c-b2aa03fbf1d1;001120250324ART;1500;26;39000;False;2025-03-24 18:34:05;;;
277155a9-c0e5-4208-9d2c-b2aa03fbfd31;f972f81b-a657-49f9-808c-b2aa03fbfd25;4760e0b8-30cd-49a9-a7fc-b2aa03fbf1d1;001920250324ART;-1;49;-49;False;2025-03-24 18:34:06;;;
278a941c-f235-48de-a09b-b2aa03fbf7ac;e11060d7-c478-4bea-b457-b2aa03fbf7a8;724de719-55a0-478f-be4e-b2aa03fbf1d1;000520250324ART;1000;42;42000;False;2025-03-24 18:34:04;;;
2856ccdd-44ca-4841-8459-b2aa03fbf818;e5d02fe3-f201-4c34-8b6b-b2aa03fbf812;79c6e351-ec71-4009-8089-b2aa03fbf1d1;001720250324ART;800;29;23200;False;2025-03-24 18:34:04;;;
2988b67b-11bb-41c6-a11c-b2aa03fbf929;f50970d7-4a12-4ab5-b158-b2aa03fbf924;4c72ac60-5170-4a64-8660-b2aa03fbf1d1;000720250324ART;1000;46;46000;False;2025-03-24 18:34:04;;;
299731c9-6a89-409e-a9de-b2aa03fbfb6c;dc40c175-3b7d-4f6b-ad39-b2aa03fbfb60;724de719-55a0-478f-be4e-b2aa03fbf1d1;000520250324ART;1000;32;32000;False;2025-03-24 18:34:05;;;
2a2cc307-bf11-458a-a0fb-b2aa03fbfd52;ab75b819-1b85-48ac-9712-b2aa03fbfd48;9fb70a52-e577-4f84-a6f5-b2aa03fbf1d1;001820250324ART;500;32;16000;False;2025-03-24 18:34:06;;;
2b4a318c-7277-4323-860f-b2aa03fbf818;e5d02fe3-f201-4c34-8b6b-b2aa03fbf812;00936c8f-099f-43b2-9b74-b2aa03fbf1d1;000920250324ART;800;41;32800;False;2025-03-24 18:34:04;;;
2bc388fe-9227-4c84-941f-b2aa03fbfc82;fa37537c-96fd-4cb0-be73-b2aa03fbfc77;9fb70a52-e577-4f84-a6f5-b2aa03fbf1d1;001820250324ART;500;32;16000;False;2025-03-24 18:34:05;;;
2c3cfcd0-56ed-47ec-84c5-b2aa03fbf74b;d24c293e-7de1-4060-ae14-b2aa03fbf745;00936c8f-099f-43b2-9b74-b2aa03fbf1d1;000920250324ART;800;44;35200;False;2025-03-24 18:34:04;;;
2d8787bb-a6d3-4d33-9c73-b2aa03fbf74b;d24c293e-7de1-4060-ae14-b2aa03fbf745;e3318ed3-5790-47c7-9feb-b2aa03fbf1d1;000220250324ART;2000;44;88000;False;2025-03-24 18:34:04;;;
2d87c947-268a-4cee-a6e0-b2aa03fbf77f;51f0e5f9-3268-413a-8d4b-b2aa03fbf77a;1b6e5c0e-1a64-45bf-9974-b2aa03fbf1d1;001320250324ART;500;39;19500;False;2025-03-24 18:34:04;;;
2e28b9b4-0f08-4a80-920a-b2aa03fbfa17;5aa4bf05-06e0-4260-8bac-b2aa03fbfa0d;00936c8f-099f-43b2-9b74-b2aa03fbf1d1;000920250324ART;800;41;32800;False;2025-03-24 18:34:05;;;
2e6d1ccd-27d2-47ca-b850-b2aa03fbf78e;e61e25f6-3b48-410f-b20b-b2aa03fbf789;9fb70a52-e577-4f84-a6f5-b2aa03fbf1d1;001820250324ART;500;30;15000;False;2025-03-24 18:34:04;;;
2e761b64-7bfd-48e7-a3f3-b2aa03fbf8e6;d1dbb983-5813-429c-9e2a-b2aa03fbf8e1;00f95ae2-1d4f-43cc-8a57-b2aa03fbf1d1;000120250324ART;5000;41;205000;False;2025-03-24 18:34:04;;;
2f364dce-7563-4740-8b20-b2aa03fbf650;cd522cff-6ac7-4c11-9b90-b2aa03fbf63f;1b6e5c0e-1a64-45bf-9974-b2aa03fbf1d1;001320250324ART;500;39;19500;False;2025-03-24 18:34:04;;;
30b86614-93f4-48d8-9f26-b2aa03fbf804;1daa29e5-b198-4755-a624-b2aa03fbf7fe;0151a46f-2eb2-403b-b157-b2aa03fbf1d1;000620250324ART;2000;26;52000;False;2025-03-24 18:34:04;;;
3173424a-db31-4120-8399-b2aa03fbfc3b;8a8625cd-3dc7-4923-9780-b2aa03fbfc2f;e74b797e-03e1-4b6b-87e2-b2aa03fbf1d1;001420250324ART;1000;34;34000;False;2025-03-24 18:34:05;;;
31a084a9-2b6a-48f2-b8f1-b2aa03fbf6bf;87294153-fa7b-48c5-aa2f-b2aa03fbf6ba;00f95ae2-1d4f-43cc-8a57-b2aa03fbf1d1;000120250324ART;5000;31;155000;False;2025-03-24 18:34:04;;;
31efaec8-5aa4-4d56-8696-b2aa03fbf8b3;69ae1a1b-2b34-445f-aa0c-b2aa03fbf8ae;00f95ae2-1d4f-43cc-8a57-b2aa03fbf1d1;000120250324ART;5000;37;185000;False;2025-03-24 18:34:04;;;
32e20501-bbc5-45b0-9930-b2aa03fbf6b0;e9d7b39f-d052-4242-9468-b2aa03fbf6ab;f06dcb7e-6658-4f32-9b02-b2aa03fbf1d1;001220250324ART;700;41;28700;False;2025-03-24 18:34:04;;;
335f2c46-edc3-4388-9cff-b2aa03fbfcee;216276a4-c1d1-46f4-9197-b2aa03fbfce3;79c6e351-ec71-4009-8089-b2aa03fbf1d1;001720250324ART;800;20;16000;False;2025-03-24 18:34:05;;;
35279c72-af97-4e81-8fd0-b2aa03fbfaba;ec84ecda-b627-4e8a-9afc-b2aa03fbfab0;72feee8f-e434-4315-b922-b2aa03fbf1d1;000820250324ART;500;28;14000;False;2025-03-24 18:34:05;;;
352bffc0-6006-4535-979e-b2aa03fbf970;e498dec3-b504-41d3-9fab-b2aa03fbf96b;0853bd32-cf25-4e65-bd32-b2aa03fbf1d1;001520250324ART;1500;47;70500;False;2025-03-24 18:34:05;;;
35aff9f2-1adf-4a19-99b6-b2aa03fbf7f2;2f60dcd1-1129-4a58-9288-b2aa03fbf7ec;49a2b2ce-8c06-4bbd-a55c-b2aa03fbf1d1;001120250324ART;1500;29;43500;False;2025-03-24 18:34:04;;;
36229135-8c83-451e-9108-b2aa03fbf9b7;c03d68fc-a61c-4785-b749-b2aa03fbf9b2;00936c8f-099f-43b2-9b74-b2aa03fbf1d1;000920250324ART;800;35;28000;False;2025-03-24 18:34:05;;;
373f4418-b396-4aea-86e5-b2aa03fbf7df;1b236b87-d4d3-4518-b72f-b2aa03fbf7d9;9fb70a52-e577-4f84-a6f5-b2aa03fbf1d1;001820250324ART;500;37;18500;False;2025-03-24 18:34:04;;;
384a128d-9bc9-4a9d-a14d-b2aa03fbf83e;463a8b1d-ece3-4b5c-8314-b2aa03fbf839;e74b797e-03e1-4b6b-87e2-b2aa03fbf1d1;001420250324ART;1000;44;44000;False;2025-03-24 18:34:04;;;
3976eb2a-fa31-456c-9e77-b2aa03fbfd0f;f6b8f4cf-fe44-41bc-bf99-b2aa03fbfd04;283a013f-9823-4089-8e8d-b2aa03fbf1d1;000320250324ART;3000;23;69000;False;2025-03-24 18:34:05;;;
39c4be04-0b85-4a1c-97ad-b2aa03fbf918;8e4fc390-3d48-4957-8133-b2aa03fbf913;283a013f-9823-4089-8e8d-b2aa03fbf1d1;000320250324ART;3000;40;120000;False;2025-03-24 18:34:04;;;
3b0035d4-52d5-4e9e-bedc-b2aa03fbf883;53b75442-2e38-485c-8da2-b2aa03fbf87d;00936c8f-099f-43b2-9b74-b2aa03fbf1d1;000920250324ART;800;43;34400;False;2025-03-24 18:34:04;;;
3b7ae377-a53a-45c3-b457-b2aa03fbfb94;5771dc56-f817-4515-9a8d-b2aa03fbfb87;00936c8f-099f-43b2-9b74-b2aa03fbf1d1;000920250324ART;800;22;17600;False;2025-03-24 18:34:05;;;
3ba01902-e57d-4590-b767-b2aa03fbf738;f92ea57c-251e-46c8-bb8b-b2aa03fbf733;49a2b2ce-8c06-4bbd-a55c-b2aa03fbf1d1;001120250324ART;1500;25;37500;False;2025-03-24 18:34:04;;;
3bcb32c1-adb1-4fee-bbc4-b2aa03fbf883;53b75442-2e38-485c-8da2-b2aa03fbf87d;e3318ed3-5790-47c7-9feb-b2aa03fbf1d1;000220250324ART;2000;36;72000;False;2025-03-24 18:34:04;;;
3de5dff0-5bc7-4b0b-8e7d-b2aa03fbf9a6;1da16612-d307-41dc-9935-b2aa03fbf9a1;4760e0b8-30cd-49a9-a7fc-b2aa03fbf1d1;001920250324ART;-1;38;-38;False;2025-03-24 18:34:05;;;
3f34d963-e15f-4eab-b6a6-b2aa03fbf861;6d86dca2-c986-4f0b-a223-b2aa03fbf85c;724de719-55a0-478f-be4e-b2aa03fbf1d1;000520250324ART;1000;27;27000;False;2025-03-24 18:34:04;;;
3f87671b-f016-4525-9dff-b2aa03fbf8c4;49966844-c6cc-4cd0-9c08-b2aa03fbf8bf;1b6e5c0e-1a64-45bf-9974-b2aa03fbf1d1;001320250324ART;500;37;18500;False;2025-03-24 18:34:04;;;
3fd7bbef-e1d9-47eb-afee-b2aa03fbfa36;e6a1618e-da35-49df-b6af-b2aa03fbfa2b;00f95ae2-1d4f-43cc-8a57-b2aa03fbf1d1;000120250324ART;5000;27;135000;False;2025-03-24 18:34:05;;;
403f8f05-c8c0-4846-979b-b2aa03fbf7bc;f83f0b53-05f5-43bb-b6cc-b2aa03fbf7b7;00f95ae2-1d4f-43cc-8a57-b2aa03fbf1d1;000120250324ART;5000;30;150000;False;2025-03-24 18:34:04;;;
412e2901-e863-4f1e-a06d-b2aa03fbf8d5;1c74f9fb-7cd2-4165-a23c-b2aa03fbf8d0;f06dcb7e-6658-4f32-9b02-b2aa03fbf1d1;001220250324ART;700;26;18200;False;2025-03-24 18:34:04;;;
4145df9f-c243-43b1-8937-b2aa03fbf970;e498dec3-b504-41d3-9fab-b2aa03fbf96b;e3318ed3-5790-47c7-9feb-b2aa03fbf1d1;000220250324ART;2000;44;88000;False;2025-03-24 18:34:05;;;
4252a580-3480-4a3c-b6b7-b2aa03fbf8c4;49966844-c6cc-4cd0-9c08-b2aa03fbf8bf;0151a46f-2eb2-403b-b157-b2aa03fbf1d1;000620250324ART;2000;29;58000;False;2025-03-24 18:34:04;;;
42929aa6-0f83-4d4d-894a-b2aa03fbf6ce;7010be49-827d-4edc-bec3-b2aa03fbf6c9;0151a46f-2eb2-403b-b157-b2aa03fbf1d1;000620250324ART;2000;35;70000;False;2025-03-24 18:34:04;;;
4408947c-d7d6-49b9-94b8-b2aa03fbf9a6;1da16612-d307-41dc-9935-b2aa03fbf9a1;4c72ac60-5170-4a64-8660-b2aa03fbf1d1;000720250324ART;1000;27;27000;False;2025-03-24 18:34:05;;;
462b5f14-8fdb-41e5-9142-b2aa03fbfc5f;ef13e6bf-98e9-4806-8209-b2aa03fbfc53;1b6e5c0e-1a64-45bf-9974-b2aa03fbf1d1;001320250324ART;500;22;11000;False;2025-03-24 18:34:05;;;
4b0c3619-7a01-4e67-8ddb-b2aa03fbfbc8;2907a40a-674a-4f56-9165-b2aa03fbfbb6;00936c8f-099f-43b2-9b74-b2aa03fbf1d1;000920250324ART;800;39;31200;False;2025-03-24 18:34:05;;;
4b8e13c6-0c94-4545-afd4-b2aa03fbf970;e498dec3-b504-41d3-9fab-b2aa03fbf96b;f06dcb7e-6658-4f32-9b02-b2aa03fbf1d1;001220250324ART;700;33;23100;False;2025-03-24 18:34:05;;;
4bf8cc10-b73c-412b-9130-b2aa03fbf82c;1d760dba-d1f3-4039-954a-b2aa03fbf826;00936c8f-099f-43b2-9b74-b2aa03fbf1d1;000920250324ART;800;49;39200;False;2025-03-24 18:34:04;;;
4e53be92-4ee7-4e83-9bf1-b2aa03fbf994;56362748-8b2b-4b04-a791-b2aa03fbf98f;49a2b2ce-8c06-4bbd-a55c-b2aa03fbf1d1;001120250324ART;1500;20;30000;False;2025-03-24 18:34:05;;;
4f26bb92-e1ba-44a4-bed1-b2aa03fbf8d5;1c74f9fb-7cd2-4165-a23c-b2aa03fbf8d0;283a013f-9823-4089-8e8d-b2aa03fbf1d1;000320250324ART;3000;35;105000;False;2025-03-24 18:34:04;;;
4f93408c-a560-48e0-9d6c-b2aa03fbf79d;fffc3f2e-f4ca-4ab8-a4ff-b2aa03fbf798;e3318ed3-5790-47c7-9feb-b2aa03fbf1d1;000220250324ART;2000;40;80000;False;2025-03-24 18:34:04;;;
500e2d8b-9a7f-4620-9da5-b2aa03fbf6ce;7010be49-827d-4edc-bec3-b2aa03fbf6c9;00f95ae2-1d4f-43cc-8a57-b2aa03fbf1d1;000120250324ART;5000;21;105000;False;2025-03-24 18:34:04;;;
50240248-86a7-4261-89cc-b2aa03fbfd97;0ed5b436-a171-46dc-9d3e-b2aa03fbfd8d;e74b797e-03e1-4b6b-87e2-b2aa03fbf1d1;001420250324ART;1000;34;34000;False;2025-03-24 18:34:06;;;
50ab9530-a0cc-4518-b081-b2aa03fbfa16;5aa4bf05-06e0-4260-8bac-b2aa03fbfa0d;00f95ae2-1d4f-43cc-8a57-b2aa03fbf1d1;000120250324ART;5000;32;160000;False;2025-03-24 18:34:05;;;
516914ef-c3fb-4077-9dae-b2aa03fbf8f8;12d7a491-f688-4a1c-bdff-b2aa03fbf8f3;00936c8f-099f-43b2-9b74-b2aa03fbf1d1;000920250324ART;800;41;32800;False;2025-03-24 18:34:04;;;
52c23c64-7388-4795-a16a-b2aa03fbfd52;ab75b819-1b85-48ac-9712-b2aa03fbfd48;9fb70a52-e577-4f84-a6f5-b2aa03fbf1d1;001820250324ART;500;30;15000;False;2025-03-24 18:34:06;;;
52d2ed05-3627-498b-a1e5-b2aa03fbf939;b03ab0c2-b3bc-4588-95a2-b2aa03fbf934;6f9c7d2b-1b16-48d1-bad8-b2aa03fbf1d1;001020250324ART;1000;30;30000;False;2025-03-24 18:34:04;;;
53122b2f-9792-4793-bf5b-b2aa03fbf8c4;49966844-c6cc-4cd0-9c08-b2aa03fbf8bf;4c72ac60-5170-4a64-8660-b2aa03fbf1d1;000720250324ART;1000;48;48000;False;2025-03-24 18:34:04;;;
534cba95-0c87-44c3-bf0a-b2aa03fbfb22;72ee2f4d-bc78-4c25-860c-b2aa03fbfb16;0853bd32-cf25-4e65-bd32-b2aa03fbf1d1;001520250324ART;1500;32;48000;False;2025-03-24 18:34:05;;;
54875579-5340-42e5-a5ac-b2aa03fbfd97;0ed5b436-a171-46dc-9d3e-b2aa03fbfd8d;a7b14916-f2e2-491c-ab31-b2aa03fbf1d1;001620250324ART;500;23;11500;False;2025-03-24 18:34:06;;;
559ce1bc-1e31-474d-9069-b2aa03fbf818;e5d02fe3-f201-4c34-8b6b-b2aa03fbf812;283a013f-9823-4089-8e8d-b2aa03fbf1d1;000320250324ART;3000;24;72000;False;2025-03-24 18:34:04;;;
567a4004-c849-4b54-b16f-b2aa03fbf718;6afd4a44-dd39-43c3-bf7a-b2aa03fbf712;0853bd32-cf25-4e65-bd32-b2aa03fbf1d1;001520250324ART;1500;29;43500;False;2025-03-24 18:34:04;;;
569063e6-c652-42d2-8170-b2aa03fbf68c;f06f2d9a-ce4a-4881-ac15-b2aa03fbf687;0151a46f-2eb2-403b-b157-b2aa03fbf1d1;000620250324ART;2000;23;46000;False;2025-03-24 18:34:04;;;
56a47978-9919-4788-adab-b2aa03fbf8e6;d1dbb983-5813-429c-9e2a-b2aa03fbf8e1;0151a46f-2eb2-403b-b157-b2aa03fbf1d1;000620250324ART;2000;38;76000;False;2025-03-24 18:34:04;;;
5918e1b4-5a13-4f23-ada8-b2aa03fbf8a2;27a30738-ab8f-482f-a8fb-b2aa03fbf89d;49a2b2ce-8c06-4bbd-a55c-b2aa03fbf1d1;001120250324ART;1500;29;43500;False;2025-03-24 18:34:04;;;
5bae324d-9448-4665-9306-b2aa03fbfc14;44ce8308-0177-4321-af76-b2aa03fbfc08;0151a46f-2eb2-403b-b157-b2aa03fbf1d1;000620250324ART;2000;23;46000;False;2025-03-24 18:34:05;;;
5cfeb253-e5d6-424f-a9c4-b2aa03fbf6ce;7010be49-827d-4edc-bec3-b2aa03fbf6c9;a7b14916-f2e2-491c-ab31-b2aa03fbf1d1;001620250324ART;500;22;11000;False;2025-03-24 18:34:04;;;
5d61b0f8-37f2-4200-bb65-b2aa03fbfd52;ab75b819-1b85-48ac-9712-b2aa03fbfd48;4760e0b8-30cd-49a9-a7fc-b2aa03fbf1d1;001920250324ART;-1;40;-40;False;2025-03-24 18:34:06;;;
5e3f6c85-2690-4772-af1e-b2aa03fbf9d7;16953350-6e5b-4302-a11f-b2aa03fbf9cd;e74b797e-03e1-4b6b-87e2-b2aa03fbf1d1;001420250324ART;1000;34;34000;False;2025-03-24 18:34:05;;;
5e418949-52ab-4c2d-b1af-b2aa03fbfafd;7b957eb4-f952-44c2-8029-b2aa03fbfaf2;49a2b2ce-8c06-4bbd-a55c-b2aa03fbf1d1;001120250324ART;1500;32;48000;False;2025-03-24 18:34:05;;;
5f162415-e645-4d65-a972-b2aa03fbf718;6afd4a44-dd39-43c3-bf7a-b2aa03fbf712;6f9c7d2b-1b16-48d1-bad8-b2aa03fbf1d1;001020250324ART;1000;33;33000;False;2025-03-24 18:34:04;;;
5f21cd7e-e39a-45f3-9020-b2aa03fbf908;12dc3eb7-9ea6-40de-8c7d-b2aa03fbf903;e3f8822d-00eb-49c5-8f42-b2aa03fbf1d1;000420250324ART;100;31;3100;False;2025-03-24 18:34:04;;;
61287d7d-4223-433d-a9dd-b2aa03fbfa36;e6a1618e-da35-49df-b6af-b2aa03fbfa2b;79c6e351-ec71-4009-8089-b2aa03fbf1d1;001720250324ART;800;29;23200;False;2025-03-24 18:34:05;;;
6139e9c9-ead8-47b6-a2f6-b2aa03fbfbf0;4732053b-7c10-40a8-9d6c-b2aa03fbfbe4;e74b797e-03e1-4b6b-87e2-b2aa03fbf1d1;001420250324ART;1000;45;45000;False;2025-03-24 18:34:05;;;
645da62d-db86-49ff-ba26-b2aa03fbfb6c;dc40c175-3b7d-4f6b-ad39-b2aa03fbfb60;4c72ac60-5170-4a64-8660-b2aa03fbf1d1;000720250324ART;1000;31;31000;False;2025-03-24 18:34:05;;;
66a09fb0-f5aa-4037-a82e-b2aa03fbfb6c;dc40c175-3b7d-4f6b-ad39-b2aa03fbfb60;4760e0b8-30cd-49a9-a7fc-b2aa03fbf1d1;001920250324ART;-1;23;-23;False;2025-03-24 18:34:05;;;
66c93eb6-4730-4d19-a13e-b2aa03fbf77e;51f0e5f9-3268-413a-8d4b-b2aa03fbf77a;f06dcb7e-6658-4f32-9b02-b2aa03fbf1d1;001220250324ART;700;40;28000;False;2025-03-24 18:34:04;;;
674ce957-e154-4b6d-8a75-b2aa03fbfb22;72ee2f4d-bc78-4c25-860c-b2aa03fbfb16;e3f8822d-00eb-49c5-8f42-b2aa03fbf1d1;000420250324ART;100;39;3900;False;2025-03-24 18:34:05;;;
67c7e6f0-3344-4d8e-a589-b2aa03fbf7cd;925f1215-ec60-444c-8771-b2aa03fbf7c8;6f9c7d2b-1b16-48d1-bad8-b2aa03fbf1d1;001020250324ART;1000;46;46000;False;2025-03-24 18:34:04;;;
681253cb-0d65-4e62-8666-b2aa03fbf7ac;e11060d7-c478-4bea-b457-b2aa03fbf7a8;00936c8f-099f-43b2-9b74-b2aa03fbf1d1;000920250324ART;800;25;20000;False;2025-03-24 18:34:04;;;
6924b25d-53d9-4700-8800-b2aa03fbfc14;44ce8308-0177-4321-af76-b2aa03fbfc08;72feee8f-e434-4315-b922-b2aa03fbf1d1;000820250324ART;500;23;11500;False;2025-03-24 18:34:05;;;
698529bd-8c82-49eb-b002-b2aa03fbfbf0;4732053b-7c10-40a8-9d6c-b2aa03fbfbe4;283a013f-9823-4089-8e8d-b2aa03fbf1d1;000320250324ART;3000;42;126000;False;2025-03-24 18:34:05;;;
69929c74-96d4-49ea-9045-b2aa03fbfca8;ba662a6c-603c-4597-8034-b2aa03fbfc9c;0853bd32-cf25-4e65-bd32-b2aa03fbf1d1;001520250324ART;1500;38;57000;False;2025-03-24 18:34:05;;;
6b184f52-8394-4db9-b28d-b2aa03fbf718;6afd4a44-dd39-43c3-bf7a-b2aa03fbf712;00f95ae2-1d4f-43cc-8a57-b2aa03fbf1d1;000120250324ART;5000;44;220000;False;2025-03-24 18:34:04;;;
6e1a5451-57ef-44fc-9b2d-b2aa03fbf7f2;2f60dcd1-1129-4a58-9288-b2aa03fbf7ec;00f95ae2-1d4f-43cc-8a57-b2aa03fbf1d1;000120250324ART;5000;37;185000;False;2025-03-24 18:34:04;;;
6e7bf9e1-18c3-47c4-87c4-b2aa03fbfbf0;4732053b-7c10-40a8-9d6c-b2aa03fbfbe4;a7b14916-f2e2-491c-ab31-b2aa03fbf1d1;001620250324ART;500;31;15500;False;2025-03-24 18:34:05;;;
70b2e12c-9020-4ff1-85dc-b2aa03fbf6f6;b3923828-f6c7-4d53-9a39-b2aa03fbf6f2;f06dcb7e-6658-4f32-9b02-b2aa03fbf1d1;001220250324ART;700;38;26600;False;2025-03-24 18:34:04;;;
7119e0f0-8ea9-42df-a91a-b2aa03fbf95e;0c388505-b460-4ad7-85d8-b2aa03fbf958;f06dcb7e-6658-4f32-9b02-b2aa03fbf1d1;001220250324ART;700;22;15400;False;2025-03-24 18:34:05;;;
719797fb-e84e-4373-b76b-b2aa03fbf7f2;2f60dcd1-1129-4a58-9288-b2aa03fbf7ec;4c72ac60-5170-4a64-8660-b2aa03fbf1d1;000720250324ART;1000;26;26000;False;2025-03-24 18:34:04;;;
72629c4a-c05c-43cc-97a1-b2aa03fbf929;f50970d7-4a12-4ab5-b158-b2aa03fbf924;4760e0b8-30cd-49a9-a7fc-b2aa03fbf1d1;001920250324ART;-1;22;-22;False;2025-03-24 18:34:04;;;
75ad09c3-22dd-48bf-9fa5-b2aa03fbfc5f;ef13e6bf-98e9-4806-8209-b2aa03fbfc53;0151a46f-2eb2-403b-b157-b2aa03fbf1d1;000620250324ART;2000;39;78000;False;2025-03-24 18:34:05;;;
7672b61b-a874-41ae-b7c8-b2aa03fbf6bf;87294153-fa7b-48c5-aa2f-b2aa03fbf6ba;f06dcb7e-6658-4f32-9b02-b2aa03fbf1d1;001220250324ART;700;45;31500;False;2025-03-24 18:34:04;;;
76dea5e7-9d9f-4be6-a85a-b2aa03fbf708;e85e51c9-8969-494e-ab8e-b2aa03fbf703;49a2b2ce-8c06-4bbd-a55c-b2aa03fbf1d1;001120250324ART;1500;40;60000;False;2025-03-24 18:34:04;;;
77bd92dd-d494-4c49-b495-b2aa03fbf78e;e61e25f6-3b48-410f-b20b-b2aa03fbf789;00936c8f-099f-43b2-9b74-b2aa03fbf1d1;000920250324ART;800;30;24000;False;2025-03-24 18:34:04;;;
77dcea80-c8de-4762-b5ae-b2aa03fbf918;8e4fc390-3d48-4957-8133-b2aa03fbf913;0151a46f-2eb2-403b-b157-b2aa03fbf1d1;000620250324ART;2000;49;98000;False;2025-03-24 18:34:04;;;
78ce229b-fe1d-478b-ba3f-b2aa03fbf75c;0754698f-7449-4808-9d9c-b2aa03fbf757;79c6e351-ec71-4009-8089-b2aa03fbf1d1;001720250324ART;800;43;34400;False;2025-03-24 18:34:04;;;
78eb4176-d62a-4868-9941-b2aa03fbf9f7;3f5d2e7a-af21-441d-893e-b2aa03fbf9ed;f06dcb7e-6658-4f32-9b02-b2aa03fbf1d1;001220250324ART;700;47;32900;False;2025-03-24 18:34:05;;;
7a8f09aa-823a-4be4-a454-b2aa03fbf9d7;16953350-6e5b-4302-a11f-b2aa03fbf9cd;1b6e5c0e-1a64-45bf-9974-b2aa03fbf1d1;001320250324ART;500;32;16000;False;2025-03-24 18:34:05;;;
7af11a56-fe38-458c-b198-b2aa03fbf850;baec909e-8bfc-4960-bb54-b2aa03fbf84b;9fb70a52-e577-4f84-a6f5-b2aa03fbf1d1;001820250324ART;500;33;16500;False;2025-03-24 18:34:04;;;
7af88d3a-8e16-4636-80bd-b2aa03fbf9f7;3f5d2e7a-af21-441d-893e-b2aa03fbf9ed;1b6e5c0e-1a64-45bf-9974-b2aa03fbf1d1;001320250324ART;500;27;13500;False;2025-03-24 18:34:05;;;
7b3860fb-035e-4275-b5a9-b2aa03fbf804;1daa29e5-b198-4755-a624-b2aa03fbf7fe;a7b14916-f2e2-491c-ab31-b2aa03fbf1d1;001620250324ART;500;41;20500;False;2025-03-24 18:34:04;;;
7c8be45d-1068-4fd4-b231-b2aa03fbf8b3;69ae1a1b-2b34-445f-aa0c-b2aa03fbf8ae;9fb70a52-e577-4f84-a6f5-b2aa03fbf1d1;001820250324ART;500;43;21500;False;2025-03-24 18:34:04;;;
7d9b4c10-9c20-44f4-bee1-b2aa03fbf82c;1d760dba-d1f3-4039-954a-b2aa03fbf826;283a013f-9823-4089-8e8d-b2aa03fbf1d1;000320250324ART;3000;29;87000;False;2025-03-24 18:34:04;;;
80c6166c-daf4-42f4-82aa-b2aa03fbfccd;a8b70f85-aeda-411b-8689-b2aa03fbfcc2;4c72ac60-5170-4a64-8660-b2aa03fbf1d1;000720250324ART;1000;33;33000;False;2025-03-24 18:34:05;;;
823a6cee-0640-4c69-a93e-b2aa03fbf6a1;a7155da4-853b-4cc2-86e0-b2aa03fbf69d;00f95ae2-1d4f-43cc-8a57-b2aa03fbf1d1;000120250324ART;5000;37;185000;False;2025-03-24 18:34:04;;;
83a9d155-c5fc-4268-b04f-b2aa03fbf9d7;16953350-6e5b-4302-a11f-b2aa03fbf9cd;6f9c7d2b-1b16-48d1-bad8-b2aa03fbf1d1;001020250324ART;1000;41;41000;False;2025-03-24 18:34:05;;;
8451fb84-c62e-442f-976a-b2aa03fbf6a1;a7155da4-853b-4cc2-86e0-b2aa03fbf69d;f06dcb7e-6658-4f32-9b02-b2aa03fbf1d1;001220250324ART;700;39;27300;False;2025-03-24 18:34:04;;;
846b69c1-1634-4c0e-b2cc-b2aa03fbfdba;ddecf970-1075-4b4c-8afb-b2aa03fbfdaf;724de719-55a0-478f-be4e-b2aa03fbf1d1;000520250324ART;1000;30;30000;False;2025-03-24 18:34:06;;;
859e17c6-05d9-47d2-85ca-b2aa03fbf949;88d42035-8324-44d7-95fb-b2aa03fbf944;4c72ac60-5170-4a64-8660-b2aa03fbf1d1;000720250324ART;1000;45;45000;False;2025-03-24 18:34:05;;;
87c2f386-dff9-4a20-b0cd-b2aa03fbf994;56362748-8b2b-4b04-a791-b2aa03fbf98f;a7b14916-f2e2-491c-ab31-b2aa03fbf1d1;001620250324ART;500;42;21000;False;2025-03-24 18:34:05;;;
89457fa4-a080-4bb1-8ffc-b2aa03fbf8e6;d1dbb983-5813-429c-9e2a-b2aa03fbf8e1;f06dcb7e-6658-4f32-9b02-b2aa03fbf1d1;001220250324ART;700;36;25200;False;2025-03-24 18:34:04;;;
89f7ad6c-d644-4731-bc02-b2aa03fbf6dd;696a8ddc-98f9-47dd-8e98-b2aa03fbf6d9;1b6e5c0e-1a64-45bf-9974-b2aa03fbf1d1;001320250324ART;500;26;13000;False;2025-03-24 18:34:04;;;
8a402857-f4c8-42d1-bb94-b2aa03fbfd76;4c142d22-ae09-424e-a9e7-b2aa03fbfd6b;f06dcb7e-6658-4f32-9b02-b2aa03fbf1d1;001220250324ART;700;40;28000;False;2025-03-24 18:34:06;;;
8a463bd4-7601-4214-ab23-b2aa03fbfc3b;8a8625cd-3dc7-4923-9780-b2aa03fbfc2f;49a2b2ce-8c06-4bbd-a55c-b2aa03fbf1d1;001120250324ART;1500;24;36000;False;2025-03-24 18:34:05;;;
8a91809a-9833-4682-9a1b-b2aa03fbfa99;36d2aa92-8102-4b7b-8ce7-b2aa03fbfa8f;724de719-55a0-478f-be4e-b2aa03fbf1d1;000520250324ART;1000;34;34000;False;2025-03-24 18:34:05;;;
8ad4023d-0dbf-4eed-9e61-b2aa03fbf7ac;e11060d7-c478-4bea-b457-b2aa03fbf7a8;a7b14916-f2e2-491c-ab31-b2aa03fbf1d1;001620250324ART;500;27;13500;False;2025-03-24 18:34:04;;;
8bb3cea5-0f03-448b-a66e-b2aa03fbfccd;a8b70f85-aeda-411b-8689-b2aa03fbfcc2;4c72ac60-5170-4a64-8660-b2aa03fbf1d1;000720250324ART;1000;27;27000;False;2025-03-24 18:34:05;;;
8bdfd521-06d5-427c-b24b-b2aa03fbfa79;6f71973a-bc4f-4821-9e5b-b2aa03fbfa6b;4760e0b8-30cd-49a9-a7fc-b2aa03fbf1d1;001920250324ART;-1;33;-33;False;2025-03-24 18:34:05;;;
8e0be0f0-01cb-4276-8306-b2aa03fbfb94;5771dc56-f817-4515-9a8d-b2aa03fbfb87;f06dcb7e-6658-4f32-9b02-b2aa03fbf1d1;001220250324ART;700;35;24500;False;2025-03-24 18:34:05;;;
8e36792f-7849-48dc-a78b-b2aa03fbf718;6afd4a44-dd39-43c3-bf7a-b2aa03fbf712;49a2b2ce-8c06-4bbd-a55c-b2aa03fbf1d1;001120250324ART;1500;23;34500;False;2025-03-24 18:34:04;;;
8f637801-1771-4ca8-8b2b-b2aa03fbf8b3;69ae1a1b-2b34-445f-aa0c-b2aa03fbf8ae;49a2b2ce-8c06-4bbd-a55c-b2aa03fbf1d1;001120250324ART;1500;40;60000;False;2025-03-24 18:34:04;;;
8fb2dcc9-8dcf-4066-bc07-b2aa03fbfb47;3be30b45-5219-4d5c-a8ea-b2aa03fbfb3b;9fb70a52-e577-4f84-a6f5-b2aa03fbf1d1;001820250324ART;500;45;22500;False;2025-03-24 18:34:05;;;
90400343-05fb-4dd2-8438-b2aa03fbf95e;0c388505-b460-4ad7-85d8-b2aa03fbf958;4760e0b8-30cd-49a9-a7fc-b2aa03fbf1d1;001920250324ART;-1;38;-38;False;2025-03-24 18:34:05;;;
905ae9cc-abe5-4f1a-974e-b2aa03fbf8d5;1c74f9fb-7cd2-4165-a23c-b2aa03fbf8d0;72feee8f-e434-4315-b922-b2aa03fbf1d1;000820250324ART;500;47;23500;False;2025-03-24 18:34:04;;;
92757963-a4cf-49d3-8d4b-b2aa03fbf929;f50970d7-4a12-4ab5-b158-b2aa03fbf924;a7b14916-f2e2-491c-ab31-b2aa03fbf1d1;001620250324ART;500;45;22500;False;2025-03-24 18:34:04;;;
937008b7-66c6-4848-b59b-b2aa03fbf892;3b6cbeb3-8105-40ed-af94-b2aa03fbf88d;283a013f-9823-4089-8e8d-b2aa03fbf1d1;000320250324ART;3000;42;126000;False;2025-03-24 18:34:04;;;
95f0cbb6-d061-40bb-b0f8-b2aa03fbf9b7;c03d68fc-a61c-4785-b749-b2aa03fbf9b2;e74b797e-03e1-4b6b-87e2-b2aa03fbf1d1;001420250324ART;1000;26;26000;False;2025-03-24 18:34:05;;;
97447450-0331-45f4-bbec-b2aa03fbfc82;fa37537c-96fd-4cb0-be73-b2aa03fbfc77;00f95ae2-1d4f-43cc-8a57-b2aa03fbf1d1;000120250324ART;5000;40;200000;False;2025-03-24 18:34:05;;;
9751d137-23d4-447a-a47a-b2aa03fbfa17;5aa4bf05-06e0-4260-8bac-b2aa03fbfa0d;e3318ed3-5790-47c7-9feb-b2aa03fbf1d1;000220250324ART;2000;25;50000;False;2025-03-24 18:34:05;;;
97825726-5bad-42fb-ba62-b2aa03fbf6f6;b3923828-f6c7-4d53-9a39-b2aa03fbf6f2;e3f8822d-00eb-49c5-8f42-b2aa03fbf1d1;000420250324ART;100;24;2400;False;2025-03-24 18:34:04;;;
97e57cc8-68b2-442b-be1b-b2aa03fbfd97;0ed5b436-a171-46dc-9d3e-b2aa03fbfd8d;4c72ac60-5170-4a64-8660-b2aa03fbf1d1;000720250324ART;1000;21;21000;False;2025-03-24 18:34:06;;;
9b695202-7a66-4084-ac9b-b2aa03fbf8a2;27a30738-ab8f-482f-a8fb-b2aa03fbf89d;724de719-55a0-478f-be4e-b2aa03fbf1d1;000520250324ART;1000;47;47000;False;2025-03-24 18:34:04;;;
9cc19e02-ab1e-41f5-96fe-b2aa03fbf9f7;3f5d2e7a-af21-441d-893e-b2aa03fbf9ed;4760e0b8-30cd-49a9-a7fc-b2aa03fbf1d1;001920250324ART;-1;31;-31;False;2025-03-24 18:34:05;;;
9d8abef5-7ca2-4f64-b8d4-b2aa03fbf6ce;7010be49-827d-4edc-bec3-b2aa03fbf6c9;a7b14916-f2e2-491c-ab31-b2aa03fbf1d1;001620250324ART;500;36;18000;False;2025-03-24 18:34:04;;;
9e523ab8-6138-4468-9b0a-b2aa03fbf76c;e5398018-9739-4228-8aab-b2aa03fbf767;e74b797e-03e1-4b6b-87e2-b2aa03fbf1d1;001420250324ART;1000;41;41000;False;2025-03-24 18:34:04;;;
9f97daf2-cfc3-43b9-a0f3-b2aa03fbf872;1c12298d-5917-479f-9fae-b2aa03fbf86d;72feee8f-e434-4315-b922-b2aa03fbf1d1;000820250324ART;500;35;17500;False;2025-03-24 18:34:04;;;
a064c917-37db-4c6f-a4c3-b2aa03fbf6b0;e9d7b39f-d052-4242-9468-b2aa03fbf6ab;72feee8f-e434-4315-b922-b2aa03fbf1d1;000820250324ART;500;23;11500;False;2025-03-24 18:34:04;;;
a06b5f04-2f47-447c-a147-b2aa03fbf939;b03ab0c2-b3bc-4588-95a2-b2aa03fbf934;79c6e351-ec71-4009-8089-b2aa03fbf1d1;001720250324ART;800;36;28800;False;2025-03-24 18:34:04;;;
a08c432b-236a-4d3b-8458-b2aa03fbfb94;5771dc56-f817-4515-9a8d-b2aa03fbfb87;9fb70a52-e577-4f84-a6f5-b2aa03fbf1d1;001820250324ART;500;25;12500;False;2025-03-24 18:34:05;;;
a2712512-c1de-4c9b-a97e-b2aa03fbf8a2;27a30738-ab8f-482f-a8fb-b2aa03fbf89d;0151a46f-2eb2-403b-b157-b2aa03fbf1d1;000620250324ART;2000;48;96000;False;2025-03-24 18:34:04;;;
a29133ea-2bb3-46c1-8423-b2aa03fbfcee;216276a4-c1d1-46f4-9197-b2aa03fbfce3;00f95ae2-1d4f-43cc-8a57-b2aa03fbf1d1;000120250324ART;5000;26;130000;False;2025-03-24 18:34:05;;;
a2d7f31c-63f5-46b4-aa3b-b2aa03fbf8c4;49966844-c6cc-4cd0-9c08-b2aa03fbf8bf;4c72ac60-5170-4a64-8660-b2aa03fbf1d1;000720250324ART;1000;45;45000;False;2025-03-24 18:34:04;;;
a46524b6-3c89-400c-ae27-b2aa03fbfa56;2767c1d8-5949-4652-aacb-b2aa03fbfa4b;283a013f-9823-4089-8e8d-b2aa03fbf1d1;000320250324ART;3000;48;144000;False;2025-03-24 18:34:05;;;
a4da3dbe-6d01-4889-a87e-b2aa03fbfb94;5771dc56-f817-4515-9a8d-b2aa03fbfb87;79c6e351-ec71-4009-8089-b2aa03fbf1d1;001720250324ART;800;26;20800;False;2025-03-24 18:34:05;;;
a67b16e0-d519-4b26-87ed-b2aa03fbf7cd;925f1215-ec60-444c-8771-b2aa03fbf7c8;79c6e351-ec71-4009-8089-b2aa03fbf1d1;001720250324ART;800;48;38400;False;2025-03-24 18:34:04;;;
a701ca2c-1e45-4b69-934d-b2aa03fbfa56;2767c1d8-5949-4652-aacb-b2aa03fbfa4b;72feee8f-e434-4315-b922-b2aa03fbf1d1;000820250324ART;500;38;19000;False;2025-03-24 18:34:05;;;
a853f4b4-5714-48a0-8363-b2aa03fbfd31;f972f81b-a657-49f9-808c-b2aa03fbfd25;e3f8822d-00eb-49c5-8f42-b2aa03fbf1d1;000420250324ART;100;32;3200;False;2025-03-24 18:34:06;;;
a8f885ce-f3c6-42b9-8c69-b2aa03fbf7df;1b236b87-d4d3-4518-b72f-b2aa03fbf7d9;6f9c7d2b-1b16-48d1-bad8-b2aa03fbf1d1;001020250324ART;1000;23;23000;False;2025-03-24 18:34:04;;;
a9824925-023d-470f-94af-b2aa03fbf7ac;e11060d7-c478-4bea-b457-b2aa03fbf7a8;724de719-55a0-478f-be4e-b2aa03fbf1d1;000520250324ART;1000;48;48000;False;2025-03-24 18:34:04;;;
a983c7a2-cfab-4cb4-96ab-b2aa03fbfb22;72ee2f4d-bc78-4c25-860c-b2aa03fbfb16;e3318ed3-5790-47c7-9feb-b2aa03fbf1d1;000220250324ART;2000;44;88000;False;2025-03-24 18:34:05;;;
a9a7f342-84e5-46eb-9cf8-b2aa03fbf68c;f06f2d9a-ce4a-4881-ac15-b2aa03fbf687;4c72ac60-5170-4a64-8660-b2aa03fbf1d1;000720250324ART;1000;34;34000;False;2025-03-24 18:34:04;;;
aa366ad1-c0c8-42af-ba36-b2aa03fbfafd;7b957eb4-f952-44c2-8029-b2aa03fbfaf2;e3f8822d-00eb-49c5-8f42-b2aa03fbf1d1;000420250324ART;100;38;3800;False;2025-03-24 18:34:05;;;
abec18ae-a226-4b69-a2d6-b2aa03fbfa17;5aa4bf05-06e0-4260-8bac-b2aa03fbfa0d;4c72ac60-5170-4a64-8660-b2aa03fbf1d1;000720250324ART;1000;34;34000;False;2025-03-24 18:34:05;;;
ac93af1c-b0ee-4513-ad4f-b2aa03fbfa56;2767c1d8-5949-4652-aacb-b2aa03fbfa4b;6f9c7d2b-1b16-48d1-bad8-b2aa03fbf1d1;001020250324ART;1000;23;23000;False;2025-03-24 18:34:05;;;
ada64ef3-2007-4514-ad7f-b2aa03fbf68c;f06f2d9a-ce4a-4881-ac15-b2aa03fbf687;00936c8f-099f-43b2-9b74-b2aa03fbf1d1;000920250324ART;800;24;19200;False;2025-03-24 18:34:04;;;
ae84f381-23cf-449c-90ba-b2aa03fbfadb;bd32f2fc-3522-44d4-9935-b2aa03fbfad1;72feee8f-e434-4315-b922-b2aa03fbf1d1;000820250324ART;500;24;12000;False;2025-03-24 18:34:05;;;
b02ee821-b28f-47c2-b844-b2aa03fbfaba;ec84ecda-b627-4e8a-9afc-b2aa03fbfab0;4c72ac60-5170-4a64-8660-b2aa03fbf1d1;000720250324ART;1000;36;36000;False;2025-03-24 18:34:05;;;
b0ab0224-703c-4bb4-86e3-b2aa03fbf804;1daa29e5-b198-4755-a624-b2aa03fbf7fe;0853bd32-cf25-4e65-bd32-b2aa03fbf1d1;001520250324ART;1500;23;34500;False;2025-03-24 18:34:04;;;
b0c85f3b-1eb3-40fd-975c-b2aa03fbfd31;f972f81b-a657-49f9-808c-b2aa03fbfd25;e3318ed3-5790-47c7-9feb-b2aa03fbf1d1;000220250324ART;2000;48;96000;False;2025-03-24 18:34:06;;;
b33ab0f8-e57d-4fce-850d-b2aa03fbf8a2;27a30738-ab8f-482f-a8fb-b2aa03fbf89d;0853bd32-cf25-4e65-bd32-b2aa03fbf1d1;001520250324ART;1500;42;63000;False;2025-03-24 18:34:04;;;
b4792287-c8ae-4b90-861b-b2aa03fbf9a6;1da16612-d307-41dc-9935-b2aa03fbf9a1;00f95ae2-1d4f-43cc-8a57-b2aa03fbf1d1;000120250324ART;5000;41;205000;False;2025-03-24 18:34:05;;;
b4862988-4fe0-4728-8c48-b2aa03fbfc82;fa37537c-96fd-4cb0-be73-b2aa03fbfc77;9fb70a52-e577-4f84-a6f5-b2aa03fbf1d1;001820250324ART;500;37;18500;False;2025-03-24 18:34:05;;;
b56e5d32-67a3-45df-b1f2-b2aa03fbfadb;bd32f2fc-3522-44d4-9935-b2aa03fbfad1;9fb70a52-e577-4f84-a6f5-b2aa03fbf1d1;001820250324ART;500;43;21500;False;2025-03-24 18:34:05;;;
b5bafe08-705f-4398-938f-b2aa03fbfa79;6f71973a-bc4f-4821-9e5b-b2aa03fbfa6b;1b6e5c0e-1a64-45bf-9974-b2aa03fbf1d1;001320250324ART;500;30;15000;False;2025-03-24 18:34:05;;;
b7ab0608-8a75-4733-8a00-b2aa03fbf6ce;7010be49-827d-4edc-bec3-b2aa03fbf6c9;9fb70a52-e577-4f84-a6f5-b2aa03fbf1d1;001820250324ART;500;49;24500;False;2025-03-24 18:34:04;;;
b7cb9f94-d465-453f-97a3-b2aa03fbf79d;fffc3f2e-f4ca-4ab8-a4ff-b2aa03fbf798;6f9c7d2b-1b16-48d1-bad8-b2aa03fbf1d1;001020250324ART;1000;42;42000;False;2025-03-24 18:34:04;;;
b9d5a0ea-3619-4066-ac5b-b2aa03fbfa17;5aa4bf05-06e0-4260-8bac-b2aa03fbfa0d;724de719-55a0-478f-be4e-b2aa03fbf1d1;000520250324ART;1000;36;36000;False;2025-03-24 18:34:05;;;
b9ddb6d1-df4d-47c0-ac65-b2aa03fbf949;88d42035-8324-44d7-95fb-b2aa03fbf944;0151a46f-2eb2-403b-b157-b2aa03fbf1d1;000620250324ART;2000;30;60000;False;2025-03-24 18:34:05;;;
ba096440-0131-48bb-8703-b2aa03fbf739;f92ea57c-251e-46c8-bb8b-b2aa03fbf733;724de719-55a0-478f-be4e-b2aa03fbf1d1;000520250324ART;1000;23;23000;False;2025-03-24 18:34:04;;;
ba1d5403-b350-42cb-86b0-b2aa03fbf65a;cd522cff-6ac7-4c11-9b90-b2aa03fbf63f;0151a46f-2eb2-403b-b157-b2aa03fbf1d1;000620250324ART;2000;32;64000;False;2025-03-24 18:34:04;;;
bb0fc6fa-46bf-47fe-91e3-b2aa03fbfafd;7b957eb4-f952-44c2-8029-b2aa03fbfaf2;4760e0b8-30cd-49a9-a7fc-b2aa03fbf1d1;001920250324ART;-1;25;-25;False;2025-03-24 18:34:05;;;
bc901dc0-9565-447a-94e7-b2aa03fbf76c;e5398018-9739-4228-8aab-b2aa03fbf767;724de719-55a0-478f-be4e-b2aa03fbf1d1;000520250324ART;1000;30;30000;False;2025-03-24 18:34:04;;;
bc9493b9-4c3d-4061-a11a-b2aa03fbf982;7f2298bc-5a02-48a3-b28c-b2aa03fbf97d;4760e0b8-30cd-49a9-a7fc-b2aa03fbf1d1;001920250324ART;-1;40;-40;False;2025-03-24 18:34:05;;;
bcb3ea7a-02c4-4992-98f2-b2aa03fbfa36;e6a1618e-da35-49df-b6af-b2aa03fbfa2b;9fb70a52-e577-4f84-a6f5-b2aa03fbf1d1;001820250324ART;500;37;18500;False;2025-03-24 18:34:05;;;
bd1fb010-54f6-419e-b816-b2aa03fbf68c;f06f2d9a-ce4a-4881-ac15-b2aa03fbf687;1b6e5c0e-1a64-45bf-9974-b2aa03fbf1d1;001320250324ART;500;33;16500;False;2025-03-24 18:34:04;;;
bdf2cae1-8150-4832-9879-b2aa03fbf7cd;925f1215-ec60-444c-8771-b2aa03fbf7c8;e74b797e-03e1-4b6b-87e2-b2aa03fbf1d1;001420250324ART;1000;26;26000;False;2025-03-24 18:34:04;;;
bf9a031b-7d36-43bf-af09-b2aa03fbf9b7;c03d68fc-a61c-4785-b749-b2aa03fbf9b2;283a013f-9823-4089-8e8d-b2aa03fbf1d1;000320250324ART;3000;31;93000;False;2025-03-24 18:34:05;;;
c085a029-1b5f-45cf-94fc-b2aa03fbf78e;e61e25f6-3b48-410f-b20b-b2aa03fbf789;a7b14916-f2e2-491c-ab31-b2aa03fbf1d1;001620250324ART;500;46;23000;False;2025-03-24 18:34:04;;;
c145b4c1-e837-44c2-99d1-b2aa03fbfd76;4c142d22-ae09-424e-a9e7-b2aa03fbfd6b;0853bd32-cf25-4e65-bd32-b2aa03fbf1d1;001520250324ART;1500;49;73500;False;2025-03-24 18:34:06;;;
c2468574-3bd9-4b4d-a2aa-b2aa03fbf718;6afd4a44-dd39-43c3-bf7a-b2aa03fbf712;6f9c7d2b-1b16-48d1-bad8-b2aa03fbf1d1;001020250324ART;1000;34;34000;False;2025-03-24 18:34:04;;;
c43d56b7-eb88-490e-9d88-b2aa03fbfd76;4c142d22-ae09-424e-a9e7-b2aa03fbfd6b;e3318ed3-5790-47c7-9feb-b2aa03fbf1d1;000220250324ART;2000;27;54000;False;2025-03-24 18:34:06;;;
c64b141a-1e77-4511-ae29-b2aa03fbf76c;e5398018-9739-4228-8aab-b2aa03fbf767;1b6e5c0e-1a64-45bf-9974-b2aa03fbf1d1;001320250324ART;500;33;16500;False;2025-03-24 18:34:04;;;
c7d94088-bbcc-498c-bad4-b2aa03fbf908;12dc3eb7-9ea6-40de-8c7d-b2aa03fbf903;e74b797e-03e1-4b6b-87e2-b2aa03fbf1d1;001420250324ART;1000;35;35000;False;2025-03-24 18:34:04;;;
c8d1b364-ae35-42fc-8e19-b2aa03fbf994;56362748-8b2b-4b04-a791-b2aa03fbf98f;6f9c7d2b-1b16-48d1-bad8-b2aa03fbf1d1;001020250324ART;1000;20;20000;False;2025-03-24 18:34:05;;;
c903089b-dd9a-4dff-8b10-b2aa03fbfadb;bd32f2fc-3522-44d4-9935-b2aa03fbfad1;0151a46f-2eb2-403b-b157-b2aa03fbf1d1;000620250324ART;2000;29;58000;False;2025-03-24 18:34:05;;;
c930b215-2ee0-4f79-9d83-b2aa03fbfc14;44ce8308-0177-4321-af76-b2aa03fbfc08;a7b14916-f2e2-491c-ab31-b2aa03fbf1d1;001620250324ART;500;34;17000;False;2025-03-24 18:34:05;;;
c99e0d1b-aacf-4c98-9344-b2aa03fbf850;baec909e-8bfc-4960-bb54-b2aa03fbf84b;6f9c7d2b-1b16-48d1-bad8-b2aa03fbf1d1;001020250324ART;1000;43;43000;False;2025-03-24 18:34:04;;;
ca20e4b0-cf93-4c7d-8976-b2aa03fbf9b7;c03d68fc-a61c-4785-b749-b2aa03fbf9b2;e74b797e-03e1-4b6b-87e2-b2aa03fbf1d1;001420250324ART;1000;41;41000;False;2025-03-24 18:34:05;;;
ca2344a1-a324-4061-9b86-b2aa03fbf95e;0c388505-b460-4ad7-85d8-b2aa03fbf958;724de719-55a0-478f-be4e-b2aa03fbf1d1;000520250324ART;1000;46;46000;False;2025-03-24 18:34:05;;;
ca35c2b8-0384-47bd-80a6-b2aa03fbf6bf;87294153-fa7b-48c5-aa2f-b2aa03fbf6ba;1b6e5c0e-1a64-45bf-9974-b2aa03fbf1d1;001320250324ART;500;28;14000;False;2025-03-24 18:34:04;;;
caf1ce25-a78e-429c-8083-b2aa03fbf7cd;925f1215-ec60-444c-8771-b2aa03fbf7c8;4c72ac60-5170-4a64-8660-b2aa03fbf1d1;000720250324ART;1000;44;44000;False;2025-03-24 18:34:04;;;
cbb56ac6-ad74-4407-ad16-b2aa03fbfca8;ba662a6c-603c-4597-8034-b2aa03fbfc9c;00936c8f-099f-43b2-9b74-b2aa03fbf1d1;000920250324ART;800;31;24800;False;2025-03-24 18:34:05;;;
cbba5f89-d083-4e66-a92d-b2aa03fbf95e;0c388505-b460-4ad7-85d8-b2aa03fbf958;f06dcb7e-6658-4f32-9b02-b2aa03fbf1d1;001220250324ART;700;40;28000;False;2025-03-24 18:34:05;;;
cc9c77ea-c63f-4489-855c-b2aa03fbfd97;0ed5b436-a171-46dc-9d3e-b2aa03fbfd8d;72feee8f-e434-4315-b922-b2aa03fbf1d1;000820250324ART;500;28;14000;False;2025-03-24 18:34:06;;;
ce6c3802-777e-48d8-8615-b2aa03fbf708;e85e51c9-8969-494e-ab8e-b2aa03fbf703;00936c8f-099f-43b2-9b74-b2aa03fbf1d1;000920250324ART;800;39;31200;False;2025-03-24 18:34:04;;;
ceab0dab-0158-428f-948a-b2aa03fbf728;2aea7a84-f8e9-485b-a953-b2aa03fbf722;1b6e5c0e-1a64-45bf-9974-b2aa03fbf1d1;001320250324ART;500;41;20500;False;2025-03-24 18:34:04;;;
ceb9f427-866f-4912-abd7-b2aa03fbfbc8;2907a40a-674a-4f56-9165-b2aa03fbfbb6;4c72ac60-5170-4a64-8660-b2aa03fbf1d1;000720250324ART;1000;25;25000;False;2025-03-24 18:34:05;;;
d0536262-21ad-40af-9b81-b2aa03fbf970;e498dec3-b504-41d3-9fab-b2aa03fbf96b;283a013f-9823-4089-8e8d-b2aa03fbf1d1;000320250324ART;3000;36;108000;False;2025-03-24 18:34:05;;;
d3e4102b-2df1-49b1-97fb-b2aa03fbf939;b03ab0c2-b3bc-4588-95a2-b2aa03fbf934;4c72ac60-5170-4a64-8660-b2aa03fbf1d1;000720250324ART;1000;35;35000;False;2025-03-24 18:34:04;;;
d457bc67-e950-4ab7-aafe-b2aa03fbfa99;36d2aa92-8102-4b7b-8ce7-b2aa03fbfa8f;0151a46f-2eb2-403b-b157-b2aa03fbf1d1;000620250324ART;2000;29;58000;False;2025-03-24 18:34:05;;;
d485a0b3-0943-4a1f-b6a5-b2aa03fbf872;1c12298d-5917-479f-9fae-b2aa03fbf86d;00936c8f-099f-43b2-9b74-b2aa03fbf1d1;000920250324ART;800;43;34400;False;2025-03-24 18:34:04;;;
d4b1df48-ad18-4e9f-95a9-b2aa03fbf6f6;b3923828-f6c7-4d53-9a39-b2aa03fbf6f2;f06dcb7e-6658-4f32-9b02-b2aa03fbf1d1;001220250324ART;700;24;16800;False;2025-03-24 18:34:04;;;
d4f65759-6511-48d2-b316-b2aa03fbf7ac;e11060d7-c478-4bea-b457-b2aa03fbf7a8;0151a46f-2eb2-403b-b157-b2aa03fbf1d1;000620250324ART;2000;25;50000;False;2025-03-24 18:34:04;;;
d5594058-57ad-4832-b85e-b2aa03fbf83e;463a8b1d-ece3-4b5c-8314-b2aa03fbf839;e74b797e-03e1-4b6b-87e2-b2aa03fbf1d1;001420250324ART;1000;42;42000;False;2025-03-24 18:34:04;;;
d5721252-1d8a-4aec-8fc8-b2aa03fbf949;88d42035-8324-44d7-95fb-b2aa03fbf944;e3f8822d-00eb-49c5-8f42-b2aa03fbf1d1;000420250324ART;100;28;2800;False;2025-03-24 18:34:05;;;
d5b0e21b-e338-4869-9969-b2aa03fbf7df;1b236b87-d4d3-4518-b72f-b2aa03fbf7d9;00f95ae2-1d4f-43cc-8a57-b2aa03fbf1d1;000120250324ART;5000;29;145000;False;2025-03-24 18:34:04;;;
d5b8f8db-860e-44dc-94f9-b2aa03fbf861;6d86dca2-c986-4f0b-a223-b2aa03fbf85c;00936c8f-099f-43b2-9b74-b2aa03fbf1d1;000920250324ART;800;29;23200;False;2025-03-24 18:34:04;;;
d7067210-9b56-487e-ba6f-b2aa03fbf892;3b6cbeb3-8105-40ed-af94-b2aa03fbf88d;79c6e351-ec71-4009-8089-b2aa03fbf1d1;001720250324ART;800;37;29600;False;2025-03-24 18:34:04;;;
d765fd40-bba1-4415-bc5c-b2aa03fbf728;2aea7a84-f8e9-485b-a953-b2aa03fbf722;9fb70a52-e577-4f84-a6f5-b2aa03fbf1d1;001820250324ART;500;32;16000;False;2025-03-24 18:34:04;;;
d798d60b-3c3b-4ed0-9fc8-b2aa03fbf892;3b6cbeb3-8105-40ed-af94-b2aa03fbf88d;0853bd32-cf25-4e65-bd32-b2aa03fbf1d1;001520250324ART;1500;44;66000;False;2025-03-24 18:34:04;;;
d7a9b08e-17ef-401b-a6dc-b2aa03fbf74b;d24c293e-7de1-4060-ae14-b2aa03fbf745;e74b797e-03e1-4b6b-87e2-b2aa03fbf1d1;001420250324ART;1000;41;41000;False;2025-03-24 18:34:04;;;
d7c218ea-4f56-4767-a7af-b2aa03fbfbf0;4732053b-7c10-40a8-9d6c-b2aa03fbfbe4;283a013f-9823-4089-8e8d-b2aa03fbf1d1;000320250324ART;3000;43;129000;False;2025-03-24 18:34:05;;;
d7def7c9-624d-4b4b-aa5c-b2aa03fbf9d7;16953350-6e5b-4302-a11f-b2aa03fbf9cd;1b6e5c0e-1a64-45bf-9974-b2aa03fbf1d1;001320250324ART;500;27;13500;False;2025-03-24 18:34:05;;;
d81a5bfe-14db-4240-96f2-b2aa03fbfd0f;f6b8f4cf-fe44-41bc-bf99-b2aa03fbfd04;00936c8f-099f-43b2-9b74-b2aa03fbf1d1;000920250324ART;800;24;19200;False;2025-03-24 18:34:05;;;
d929870f-8a63-4aa0-9f08-b2aa03fbf850;baec909e-8bfc-4960-bb54-b2aa03fbf84b;72feee8f-e434-4315-b922-b2aa03fbf1d1;000820250324ART;500;32;16000;False;2025-03-24 18:34:04;;;
d9e3ac01-cb64-46c5-8a43-b2aa03fbfb47;3be30b45-5219-4d5c-a8ea-b2aa03fbfb3b;0151a46f-2eb2-403b-b157-b2aa03fbf1d1;000620250324ART;2000;29;58000;False;2025-03-24 18:34:05;;;
db8ce3ce-08ee-4291-950b-b2aa03fbf708;e85e51c9-8969-494e-ab8e-b2aa03fbf703;283a013f-9823-4089-8e8d-b2aa03fbf1d1;000320250324ART;3000;35;105000;False;2025-03-24 18:34:04;;;
dbd91337-2055-4056-9ea8-b2aa03fbf6a1;a7155da4-853b-4cc2-86e0-b2aa03fbf69d;00936c8f-099f-43b2-9b74-b2aa03fbf1d1;000920250324ART;800;21;16800;False;2025-03-24 18:34:04;;;
dd74298a-88fd-4aaa-beec-b2aa03fbf739;f92ea57c-251e-46c8-bb8b-b2aa03fbf733;00f95ae2-1d4f-43cc-8a57-b2aa03fbf1d1;000120250324ART;5000;38;190000;False;2025-03-24 18:34:04;;;
de1107f1-3687-4839-9198-b2aa03fbf7bc;f83f0b53-05f5-43bb-b6cc-b2aa03fbf7b7;e3318ed3-5790-47c7-9feb-b2aa03fbf1d1;000220250324ART;2000;22;44000;False;2025-03-24 18:34:04;;;
dfe9c372-2a88-45db-94d8-b2aa03fbf804;1daa29e5-b198-4755-a624-b2aa03fbf7fe;283a013f-9823-4089-8e8d-b2aa03fbf1d1;000320250324ART;3000;41;123000;False;2025-03-24 18:34:04;;;
e03c6c50-b7bb-4e8c-9410-b2aa03fbf982;7f2298bc-5a02-48a3-b28c-b2aa03fbf97d;9fb70a52-e577-4f84-a6f5-b2aa03fbf1d1;001820250324ART;500;35;17500;False;2025-03-24 18:34:05;;;
e079f6f8-1e60-4170-bc66-b2aa03fbf994;56362748-8b2b-4b04-a791-b2aa03fbf98f;72feee8f-e434-4315-b922-b2aa03fbf1d1;000820250324ART;500;44;22000;False;2025-03-24 18:34:05;;;
e160b7ca-cf8f-42b2-bd6a-b2aa03fbfa99;36d2aa92-8102-4b7b-8ce7-b2aa03fbfa8f;283a013f-9823-4089-8e8d-b2aa03fbf1d1;000320250324ART;3000;39;117000;False;2025-03-24 18:34:05;;;
e18f2b84-b932-466e-8dc8-b2aa03fbf76c;e5398018-9739-4228-8aab-b2aa03fbf767;e3f8822d-00eb-49c5-8f42-b2aa03fbf1d1;000420250324ART;100;22;2200;False;2025-03-24 18:34:04;;;
e323ce69-71dc-4b13-9cbe-b2aa03fbf82b;1d760dba-d1f3-4039-954a-b2aa03fbf826;79c6e351-ec71-4009-8089-b2aa03fbf1d1;001720250324ART;800;35;28000;False;2025-03-24 18:34:04;;;
e399056b-d82d-446c-b1b8-b2aa03fbfa56;2767c1d8-5949-4652-aacb-b2aa03fbfa4b;724de719-55a0-478f-be4e-b2aa03fbf1d1;000520250324ART;1000;31;31000;False;2025-03-24 18:34:05;;;
e3e52167-399f-45ec-a211-b2aa03fbfbf0;4732053b-7c10-40a8-9d6c-b2aa03fbfbe4;e74b797e-03e1-4b6b-87e2-b2aa03fbf1d1;001420250324ART;1000;29;29000;False;2025-03-24 18:34:05;;;
e7921596-c6b8-4b18-b90d-b2aa03fbf949;88d42035-8324-44d7-95fb-b2aa03fbf944;e3318ed3-5790-47c7-9feb-b2aa03fbf1d1;000220250324ART;2000;38;76000;False;2025-03-24 18:34:05;;;
e8d3a51d-ac2f-4858-bf1b-b2aa03fbf939;b03ab0c2-b3bc-4588-95a2-b2aa03fbf934;e3318ed3-5790-47c7-9feb-b2aa03fbf1d1;000220250324ART;2000;37;74000;False;2025-03-24 18:34:04;;;
eb36e06b-8b4f-45bb-8d09-b2aa03fbf918;8e4fc390-3d48-4957-8133-b2aa03fbf913;79c6e351-ec71-4009-8089-b2aa03fbf1d1;001720250324ART;800;43;34400;False;2025-03-24 18:34:04;;;
ec386469-5e97-4b97-8d50-b2aa03fbf79d;fffc3f2e-f4ca-4ab8-a4ff-b2aa03fbf798;f06dcb7e-6658-4f32-9b02-b2aa03fbf1d1;001220250324ART;700;32;22400;False;2025-03-24 18:34:04;;;
ec758feb-5d8b-4784-984b-b2aa03fbf883;53b75442-2e38-485c-8da2-b2aa03fbf87d;724de719-55a0-478f-be4e-b2aa03fbf1d1;000520250324ART;1000;40;40000;False;2025-03-24 18:34:04;;;
ed88ced0-898a-4471-9b99-b2aa03fbfd52;ab75b819-1b85-48ac-9712-b2aa03fbfd48;283a013f-9823-4089-8e8d-b2aa03fbf1d1;000320250324ART;3000;33;99000;False;2025-03-24 18:34:06;;;
ee69cbc1-0749-4e3f-a083-b2aa03fbfc14;44ce8308-0177-4321-af76-b2aa03fbfc08;e3318ed3-5790-47c7-9feb-b2aa03fbf1d1;000220250324ART;2000;38;76000;False;2025-03-24 18:34:05;;;
ef05b65b-0ba9-407b-89b2-b2aa03fbfcee;216276a4-c1d1-46f4-9197-b2aa03fbfce3;724de719-55a0-478f-be4e-b2aa03fbf1d1;000520250324ART;1000;37;37000;False;2025-03-24 18:34:05;;;
f05b5780-954c-4eb7-b4cf-b2aa03fbf8f8;12d7a491-f688-4a1c-bdff-b2aa03fbf8f3;0151a46f-2eb2-403b-b157-b2aa03fbf1d1;000620250324ART;2000;29;58000;False;2025-03-24 18:34:04;;;
f13600bd-206e-4abb-895b-b2aa03fbf892;3b6cbeb3-8105-40ed-af94-b2aa03fbf88d;f06dcb7e-6658-4f32-9b02-b2aa03fbf1d1;001220250324ART;700;22;15400;False;2025-03-24 18:34:04;;;
f38261dc-f6da-46bf-bacf-b2aa03fbf6dd;696a8ddc-98f9-47dd-8e98-b2aa03fbf6d9;49a2b2ce-8c06-4bbd-a55c-b2aa03fbf1d1;001120250324ART;1500;36;54000;False;2025-03-24 18:34:04;;;
f48480c3-f4ca-4e9c-96c7-b2aa03fbfc82;fa37537c-96fd-4cb0-be73-b2aa03fbfc77;4760e0b8-30cd-49a9-a7fc-b2aa03fbf1d1;001920250324ART;-1;48;-48;False;2025-03-24 18:34:05;;;
f58ac1d6-58ef-460a-bbbd-b2aa03fbfccd;a8b70f85-aeda-411b-8689-b2aa03fbfcc2;724de719-55a0-478f-be4e-b2aa03fbf1d1;000520250324ART;1000;37;37000;False;2025-03-24 18:34:05;;;
f6672f18-ba5f-403b-b13d-b2aa03fbfc3b;8a8625cd-3dc7-4923-9780-b2aa03fbfc2f;0151a46f-2eb2-403b-b157-b2aa03fbf1d1;000620250324ART;2000;42;84000;False;2025-03-24 18:34:05;;;
f758822c-2cfc-46cc-beb6-b2aa03fbfd97;0ed5b436-a171-46dc-9d3e-b2aa03fbfd8d;e74b797e-03e1-4b6b-87e2-b2aa03fbf1d1;001420250324ART;1000;30;30000;False;2025-03-24 18:34:06;;;
f77b70a2-08bc-45ea-af4a-b2aa03fbfafd;7b957eb4-f952-44c2-8029-b2aa03fbfaf2;6f9c7d2b-1b16-48d1-bad8-b2aa03fbf1d1;001020250324ART;1000;33;33000;False;2025-03-24 18:34:05;;;
f7e3ed63-df6a-457c-ba8a-b2aa03fbf7bc;f83f0b53-05f5-43bb-b6cc-b2aa03fbf7b7;283a013f-9823-4089-8e8d-b2aa03fbf1d1;000320250324ART;3000;29;87000;False;2025-03-24 18:34:04;;;
f7ffca5a-9b63-4bbd-802e-b2aa03fbf728;2aea7a84-f8e9-485b-a953-b2aa03fbf722;0853bd32-cf25-4e65-bd32-b2aa03fbf1d1;001520250324ART;1500;40;60000;False;2025-03-24 18:34:04;;;
f83fde2b-bcd2-44da-be34-b2aa03fbfdba;ddecf970-1075-4b4c-8afb-b2aa03fbfdaf;4c72ac60-5170-4a64-8660-b2aa03fbf1d1;000720250324ART;1000;26;26000;False;2025-03-24 18:34:06;;;
f90fec06-093b-4b34-90e5-b2aa03fbf861;6d86dca2-c986-4f0b-a223-b2aa03fbf85c;1b6e5c0e-1a64-45bf-9974-b2aa03fbf1d1;001320250324ART;500;24;12000;False;2025-03-24 18:34:04;;;
f9caa2b5-96b4-4276-bae2-b2aa03fbf68c;f06f2d9a-ce4a-4881-ac15-b2aa03fbf687;4c72ac60-5170-4a64-8660-b2aa03fbf1d1;000720250324ART;1000;45;45000;False;2025-03-24 18:34:04;;;
fae57fb9-6066-4fa1-a201-b2aa03fbf7cd;925f1215-ec60-444c-8771-b2aa03fbf7c8;e3318ed3-5790-47c7-9feb-b2aa03fbf1d1;000220250324ART;2000;33;66000;False;2025-03-24 18:34:04;;;
faee8539-09df-4dba-93bb-b2aa03fbf982;7f2298bc-5a02-48a3-b28c-b2aa03fbf97d;e74b797e-03e1-4b6b-87e2-b2aa03fbf1d1;001420250324ART;1000;30;30000;False;2025-03-24 18:34:05;;;
fda07963-98b1-43f8-a237-b2aa03fbf95e;0c388505-b460-4ad7-85d8-b2aa03fbf958;9fb70a52-e577-4f84-a6f5-b2aa03fbf1d1;001820250324ART;500;26;13000;False;2025-03-24 18:34:05;;;
fda88fa8-1935-47d5-8f28-b2aa03fbfaba;ec84ecda-b627-4e8a-9afc-b2aa03fbfab0;49a2b2ce-8c06-4bbd-a55c-b2aa03fbf1d1;001120250324ART;1500;43;64500;False;2025-03-24 18:34:05;;;
fe7f0af5-6b49-4ef8-9661-b2aa03fbf6dd;696a8ddc-98f9-47dd-8e98-b2aa03fbf6d9;6f9c7d2b-1b16-48d1-bad8-b2aa03fbf1d1;001020250324ART;1000;47;47000;False;2025-03-24 18:34:04;;;
